{
	"credit": "Made with Blockbench",
	"ambientocclusion": false,
	"textures": {
		"2": "block/poppy_petals",
		"3": "block/poppy_base",
		"particle": "block/poppy_petals"
	},
	"elements": [
		{
			"from": [-1, 0, 8],
			"to": [17, 18, 8],
			"shade": false,
			"rotation": {"angle": 45, "axis": "y", "origin": [8, 8, 8]},
			"faces": {
				"north": {"uv": [0, 0, 16, 16], "texture": "#3"},
				"south": {"uv": [0, 0, 16, 16], "texture": "#3"}
			}
		},
		{
			"from": [8, 0, -1.2],
			"to": [8, 18, 16.8],
			"shade": false,
			"rotation": {"angle": 45, "axis": "y", "origin": [8, 8, 8]},
			"faces": {
				"east": {"uv": [0, 0, 16, 16], "texture": "#3"},
				"west": {"uv": [0, 0, 16, 16], "texture": "#3"}
			}
		},
		{
			"from": [-3, 3.25, -1],
			"to": [7, 3.25, 17],
			"rotation": {"angle": 22.5, "axis": "z", "origin": [-2, 3.25, 8]},
			"faces": {
				"up": {"uv": [0, 4, 16, 12], "rotation": 270, "texture": "#2"}
			}
		},
		{
			"from": [9, 3.25, -1],
			"to": [19, 3.25, 17],
			"rotation": {"angle": -22.5, "axis": "z", "origin": [18, 3.25, 8]},
			"faces": {
				"up": {"uv": [0, 4, 16, 12], "rotation": 90, "texture": "#2"}
			}
		},
		{
			"from": [-1, 2.25, 9],
			"to": [17, 2.25, 19],
			"rotation": {"angle": 22.5, "axis": "x", "origin": [8, 2.25, 17]},
			"faces": {
				"up": {"uv": [16, 12, 0, 4], "texture": "#2"}
			}
		},
		{
			"from": [-1, 2.25, -3],
			"to": [17, 2.25, 7],
			"rotation": {"angle": -22.5, "axis": "x", "origin": [8, 2.25, -1]},
			"faces": {
				"up": {"uv": [0, 4, 16, 12], "texture": "#2"}
			}
		}
	]
}