{
	"credit": "Made with Blockbench",
	"parent": "block/cube",
	"textures": {
		"5": "block/cartography_table_top_base",
		"bottom": "block/cartography_table_bottom",
		"top": "block/cartography_table_top",
		"particle": "block/cartography_table_side3",
		"side3": "block/cartography_table_side3",
		"side1": "block/cartography_table_side1",
		"side2": "block/cartography_table_side2"
	},
	"elements": [
		{
			"from": [0, 0, 0],
			"to": [16, 16, 16],
			"faces": {
				"north": {"uv": [0, 0, 16, 16], "texture": "#side3", "cullface": "north"},
				"east": {"uv": [0, 0, 16, 16], "texture": "#side3", "cullface": "east"},
				"south": {"uv": [0, 0, 16, 16], "texture": "#side1", "cullface": "south"},
				"west": {"uv": [0, 0, 16, 16], "texture": "#side2", "cullface": "west"},
				"up": {"uv": [0, 0, 16, 16], "texture": "#top", "cullface": "up"},
				"down": {"uv": [0, 0, 16, 16], "texture": "#bottom", "cullface": "down"}
			}
		},
		{
			"from": [4, 15.95, 11],
			"to": [5, 20.95, 12],
			"rotation": {"angle": 45, "axis": "y", "origin": [4.5, 18.975, 10.5]},
			"faces": {
				"north": {"uv": [2, 7, 3, 12], "texture": "#5"},
				"east": {"uv": [2, 7, 3, 12], "texture": "#5"},
				"south": {"uv": [2, 7, 3, 12], "texture": "#5"},
				"west": {"uv": [2, 7, 3, 12], "texture": "#5"},
				"up": {"uv": [2, 7, 3, 8], "texture": "#5"}
			}
		},
		{
			"from": [4.5, 18.5, 8],
			"to": [4.5, 20.5, 11],
			"rotation": {"angle": 45, "axis": "y", "origin": [4.5, 18.975, 10.5]},
			"faces": {
				"east": {"uv": [7, 2, 10, 4], "texture": "#5"},
				"west": {"uv": [10, 2, 7, 4], "texture": "#5"}
			}
		},
		{
			"from": [11.5, 17.5, 2],
			"to": [11.5, 19.5, 5],
			"rotation": {"angle": -45, "axis": "y", "origin": [11.5, 17.975, 4.5]},
			"faces": {
				"east": {"uv": [7, 2, 10, 4], "texture": "#5"},
				"west": {"uv": [10, 2, 7, 4], "texture": "#5"}
			}
		},
		{
			"from": [11, 15.95, 5],
			"to": [12, 19.95, 6],
			"rotation": {"angle": -45, "axis": "y", "origin": [11.5, 17.975, 4.5]},
			"faces": {
				"north": {"uv": [2, 7, 3, 11], "texture": "#5"},
				"east": {"uv": [2, 7, 3, 11], "texture": "#5"},
				"south": {"uv": [2, 7, 3, 11], "texture": "#5"},
				"west": {"uv": [2, 7, 3, 11], "texture": "#5"},
				"up": {"uv": [2, 7, 3, 8], "rotation": 270, "texture": "#5"}
			}
		}
	]
}